gate_id,phase,scope,entry_evidence,shop_action,pass_criteria,stop_condition,authority_after_pass,status
SG-001,P0 evidence setup,all voices,"Reference scans/photos listed; issue #1 scope confirmed","Create measured-shell/head/tension log templates before cutting anything","Every open shell/head/tension unknown has a named capture row","Any dimension is treated as shop-release authority from scan/photo alone","Planning packet only",open
SG-002,P1 shell coupon,all voices,"Target diameter basis still open; candidate stave count selected for coupon only","Build short stave-ring coupon from representative stock","Coupon records wall thickness, roundness, glue-line quality, and sanding allowance","Coupon cannot hold roundness or glue line is unsafe","Coupon measurement evidence only",open
SG-003,P1 head-seat coupon,all voices,"Representative shell coupon and hide sample available","Test bearing edge, finish, hoop/ring offset, and wet/dry hide seating","Dry seated head has measured clear diameter and no finish/edge failure","Hide tears, slips, abrades, or finish interferes with seating","Head-seat measurement evidence only",open
SG-004,P1 rope/ring coupon,all voices,"Rope and ring/wrap material identified","Mock one lacing bay and tension diamond; mark rope for stretch","Stretch, knot slip, abrasion, and clearance are recorded at first pull and 24 hours","Rope/ring path abrades, slips, or cannot be measured","Tension-system evidence only",open
SG-005,P2 dry shell review,per voice,"Measured shell basis, stave count decision, and wall-thickness coupon complete","Dry-fit or glue shell; measure roundness at both ends and mid-body","Roundness and wall thickness meet chosen service threshold","Shell cannot seat rings/heads evenly","Measured shell evidence for CAD/design-table update",open
SG-006,P2 ring and clearance review,per voice,"Head clear diameter and rope/ring assumptions recorded","Mock rings, verticals, tension diamonds, strap, and optional bell mount","No rope/hardware interference or player-contact hazard is observed","Bell/strap/ring placement conflicts with lacing or safe handling","Hardware placement evidence only",open
SG-007,P3 first headed drum,one voice first,"Dry shell review and head-seat coupon pass","Head one selected voice and tune through staged pulls","Both heads settle without unsafe tension and produce usable pitch logs","Pitch requires unsafe tension or head seating is unstable","Single-drum validation evidence only",open
SG-008,P4 full trio validation,all voices,"First headed drum evidence reviewed and remaining two shells measured","Head all three voices; record settled pitch, rope stretch, and play-cycle changes","Trio pitch relationship, stability, and ergonomics are documented","Any voice cannot settle safely or pitch relationship is undocumented","Family validation evidence; still requires CAD/DXF authority",open
SG-009,P5 shop-release review,all voices,"Measured family evidence plus reviewed CAD/DXF/design tables exist","Review drawings, cut lists, BOM, safety notes, and provenance/source notes","Named CAD/DXF/design-table controls fabrication and all open V5 gates are resolved","Any controlling geometry or source/cultural note remains unresolved","Candidate shop-release packet",open
